Filename,Radius
warped_image.jpg,1.0929177559922827
WIN_20230918_11_35_11_Pro.jpg,76.85684771889487
WIN_20230918_11_39_00_Pro.jpg,83.38310308586614
