Filename,Radius
warped_image.jpg,33.67695411532397
WIN_20230918_11_35_43_Pro.jpg,60.73043275761794
WIN_20230918_11_38_30_Pro.jpg,65.66288697640508
