Filename,Radius
warped_image.jpg,22.59469430817366
WIN_20230918_11_36_36_Pro.jpg,52.92467951394947
WIN_20230918_11_37_55_Pro.jpg,53.91512233561275
