Filename,Radius
warped_image.jpg,17.91690446584318
WIN_20230918_11_41_39_Pro.jpg,52.34930172917254
WIN_20230918_11_48_53_Pro.jpg,50.90650764364676
