Filename,Radius
warped_image (1).jpg,17.44121107068128
WIN_20230918_11_44_53_Pro.jpg,70.56801805844947
WIN_20230918_11_47_20_Pro.jpg,62.201711732095
