Filename,Radius
warped_image.jpg,26.439975390214755
WIN_20230918_11_40_57_Pro.jpg,66.65397777956217
WIN_20230918_11_48_12_Pro.jpg,65.60294439542827
