Filename,Radius
warped_image.jpg,20.0271235854325
WIN_20230918_11_45_12_Pro.jpg,55.08295437904749
WIN_20230918_11_47_06_Pro.jpg,49.96129986033091
