Filename,Radius
warped_image.jpg,6.981563296888919
WIN_20230918_11_44_05_Pro.jpg,60.24520939023935
WIN_20230918_11_47_48_Pro.jpg,67.75967820187248
