radius (mm),avg error,std dev
30,3.051866667,0.150029882
50,1.4991,0.099720125
70,13.18598,0.073574545
90,11.60486667,0.202755359
110,9.62672,0.562269656
