radius (mm),avg error,std dev
30,2.01805,0.537679799
50,0.3283,0.037289409
70,9.82632,0.369728254
90,14.51486667,0.065588431
110,10.1306,0.400867135
