Filename,Radius
warped_image.jpg,4.737336218841331
WIN_20230918_11_41_28_Pro.jpg,65.27973760986607
WIN_20230918_11_48_43_Pro.jpg,53.60033497251277
