Filename,Radius
warped_image.jpg,19.137280581065333
WIN_20230918_11_41_28_Pro.jpg,64.86750856232976
WIN_20230918_11_48_43_Pro.jpg,53.61539409956418
