Filename,Radius
warped_image.jpg,19.13728058
WIN_20230918_11_41_28_Pro.jpg,64.86750856
WIN_20230918_11_48_43_Pro.jpg,53.6153941
