Filename,Radius
warped_image.jpg,5.4287131761071885
WIN_20230918_11_44_21_Pro.jpg,71.97446086757333
WIN_20230918_11_47_35_Pro.jpg,12.276363348067507
