Filename,Radius
WIN_20230918_11_30_20_Pro.jpg,66.8933151073102
WIN_20230918_11_34_45_Pro.jpg,76.32890577872128
