Filename,Radius
processed_warped_image.jpg,33.92208323385904
processed_WIN_20230918_11_30_20_Pro.jpg,65.62625608819626
processed_WIN_20230918_11_34_45_Pro.jpg,73.62668190822858
undistorted_warped_image.jpg,33.92208323385904
undistorted_WIN_20230918_11_30_20_Pro.jpg,65.62625608819626
undistorted_WIN_20230918_11_34_45_Pro.jpg,73.62668190822858
warped_image.jpg,36.521241946222716
WIN_20230918_11_30_20_Pro.jpg,66.8933151073102
WIN_20230918_11_34_45_Pro.jpg,76.32890577872128
