Filename,Radius
warped_image.jpg,37.0901166885216
WIN_20230918_11_35_30_Pro.jpg,67.62954559508165
WIN_20230918_11_38_49_Pro.jpg,70.31498132187657
