Filename,Radius
warped_image.jpg,18.7118532860373
WIN_20230918_11_31_40_Pro.jpg,54.71276565236263
WIN_20230918_11_34_07_Pro.jpg,51.01325649606576
