Filename,Radius
warped_image.jpg,31.09737390749826
WIN_20230918_11_30_45_Pro.jpg,68.10890548966925
WIN_20230918_11_34_32_Pro.jpg,67.93822073651808
