Filename,Radius
warped_image.jpg,26.3127824300179
WIN_20230918_11_41_17_Pro.jpg,64.26796747305896
WIN_20230918_11_48_27_Pro.jpg,64.43583362894394
