Filename,Radius
warped_image.jpg,12.276407157890944
WIN_20230918_11_32_48_Pro.jpg,37.22306209803976
WIN_20230918_11_33_26_Pro.jpg,37.444189009303905
