Filename,Radius
warped_image.jpg,28.567940464205364
WIN_20230918_11_31_09_Pro.jpg,71.98789679161017
WIN_20230918_11_34_26_Pro.jpg,60.49182347249446
