Filename,Radius
WIN_20230918_11_31_09_Pro.jpg,71.98789679161017
WIN_20230918_11_34_26_Pro.jpg,60.49182347249446
