Filename,Radius
warped_image.jpg,12.69306535086394
WIN_20230918_11_45_58_Pro.jpg,40.28496691402507
WIN_20230918_11_46_54_Pro.jpg,36.8062609062988
