Filename,Radius
warped_image.jpg,13.769415794756092
WIN_20230918_11_37_17_Pro.jpg,38.389698114718755
WIN_20230918_11_37_33_Pro.jpg,39.43107676514064
